{"stats":{"minecraft:mined":{"minecraft:clay":1,"minecraft:torch":1,"minecraft:acacia_log":5,"minecraft:oak_wood":19,"minecraft:calcite":7,"minecraft:melon":6,"minecraft:jungle_planks":4,"minecraft:jungle_log":22,"minecraft:cobblestone":4,"minecraft:sugar_cane":1,"minecraft:wall_torch":1,"minecraft:seagrass":1,"minecraft:tall_seagrass":1,"minecraft:iron_ore":1,"minecraft:andesite":7,"minecraft:grass":2,"minecraft:coal_ore":48,"minecraft:sand":14,"minecraft:gravel":7,"minecraft:azalea_leaves":2,"minecraft:bamboo":6,"minecraft:stone":248,"minecraft:small_dripleaf":1,"minecraft:oak_leaves":15},"minecraft:dropped":{"minecraft:raw_iron":1,"minecraft:cobblestone":64,"minecraft:oak_planks":24,"minecraft:stone_pickaxe":1},"minecraft:custom":{"minecraft:interact_with_furnace":13,"minecraft:mob_kills":13,"minecraft:interact_with_crafting_table":19,"minecraft:leave_game":1,"minecraft:time_since_death":27047,"minecraft:climb_one_cm":2168,"minecraft:time_since_rest":27073,"minecraft:sprint_one_cm":63170,"minecraft:damage_taken":560,"minecraft:walk_one_cm":84244,"minecraft:drop":4,"minecraft:damage_dealt":2432,"minecraft:fly_one_cm":83524,"minecraft:open_chest":1,"minecraft:crouch_one_cm":1348,"minecraft:play_time":50335,"minecraft:deaths":1,"minecraft:sneak_time":816,"minecraft:walk_under_water_one_cm":2330,"minecraft:jump":722,"minecraft:walk_on_water_one_cm":10064,"minecraft:total_world_time":50335,"minecraft:fall_one_cm":16202},"minecraft:killed_by":{"minecraft:husk":1},"minecraft:broken":{"minecraft:stone_pickaxe":1,"minecraft:stone_axe":1},"minecraft:used":{"minecraft:stone_pickaxe":299,"minecraft:wooden_pickaxe":20,"minecraft:rotten_flesh":6,"minecraft:torch":17,"minecraft:sand":8,"minecraft:crafting_table":3,"minecraft:jungle_planks":31,"minecraft:wooden_axe":1,"minecraft:melon_slice":5,"minecraft:jungle_log":5,"minecraft:gravel":4,"minecraft:stone_axe":115,"minecraft:cobblestone":10,"minecraft:furnace":1},"minecraft:crafted":{"minecraft:oak_planks":74,"minecraft:crafting_table":3,"minecraft:wooden_pickaxe":1,"minecraft:furnace":1,"minecraft:stone_axe":2,"minecraft:jungle_planks":48,"minecraft:charcoal":5,"minecraft:stick":44,"minecraft:iron_ingot":9,"minecraft:stone_pickaxe":3,"minecraft:wooden_axe":1,"minecraft:torch":28},"minecraft:picked_up":{"minecraft:wooden_axe":1,"minecraft:charcoal":2,"minecraft:clay_ball":4,"minecraft:jungle_log":34,"minecraft:andesite":9,"minecraft:wooden_pickaxe":1,"minecraft:string":4,"minecraft:stone_pickaxe":1,"minecraft:calcite":3,"minecraft:bamboo":22,"minecraft:melon_slice":32,"minecraft:oak_planks":24,"minecraft:sandstone":2,"minecraft:stick":1,"minecraft:raw_iron":2,"minecraft:torch":8,"minecraft:acacia_log":5,"minecraft:gravel":11,"minecraft:sand":19,"minecraft:jungle_planks":4,"minecraft:oak_wood":19,"minecraft:rotten_flesh":17,"minecraft:stone_axe":1,"minecraft:coal":77,"minecraft:cobblestone":299},"minecraft:killed":{"minecraft:husk":7,"minecraft:spider":2,"minecraft:zombie":4}},"DataVersion":3465}