{"stats":{"minecraft:used":{"minecraft:iron_shovel":54,"minecraft:chest":2,"minecraft:shield":2,"minecraft:iron_sword":22,"minecraft:bell":1,"minecraft:rotten_flesh":6,"minecraft:orange_bed":2,"minecraft:torch":145,"minecraft:jungle_planks":49,"minecraft:carrot":122,"minecraft:wooden_axe":1,"minecraft:iron_axe":420,"minecraft:jungle_log":9,"minecraft:furnace":1,"minecraft:gray_bed":3,"minecraft:potato":88,"minecraft:light_gray_bed":4,"minecraft:brown_bed":3,"minecraft:stone_pickaxe":379,"minecraft:wooden_pickaxe":20,"minecraft:sandstone":14,"minecraft:blue_bed":2,"minecraft:fletching_table":1,"minecraft:sand":17,"minecraft:crafting_table":8,"minecraft:magenta_bed":3,"minecraft:black_bed":2,"minecraft:iron_pickaxe":91,"minecraft:bread":31,"minecraft:cyan_bed":3,"minecraft:melon_slice":14,"minecraft:lectern":3,"minecraft:gravel":4,"minecraft:stone_axe":211,"minecraft:pink_bed":3,"minecraft:cobblestone":348},"minecraft:killed_by":{"minecraft:husk":1},"minecraft:custom":{"minecraft:inspect_dropper":1,"minecraft:mob_kills":55,"minecraft:animals_bred":26,"minecraft:interact_with_crafting_table":33,"minecraft:damage_dealt_resisted":371,"minecraft:leave_game":5,"minecraft:time_since_death":170773,"minecraft:climb_one_cm":9190,"minecraft:sprint_one_cm":302990,"minecraft:walk_one_cm":460935,"minecraft:damage_blocked_by_shield":55,"minecraft:drop":51,"minecraft:play_noteblock":3,"minecraft:damage_dealt_absorbed":48,"minecraft:talked_to_villager":9,"minecraft:play_time":194061,"minecraft:sneak_time":2975,"minecraft:deaths":1,"minecraft:walk_under_water_one_cm":2447,"minecraft:jump":2537,"minecraft:walk_on_water_one_cm":11068,"minecraft:total_world_time":194061,"minecraft:interact_with_furnace":19,"minecraft:sleep_in_bed":7,"minecraft:time_since_rest":15218,"minecraft:damage_taken":1860,"minecraft:damage_dealt":8037,"minecraft:fly_one_cm":292447,"minecraft:open_chest":95,"minecraft:crouch_one_cm":6352,"minecraft:fall_one_cm":63931,"minecraft:inspect_dispenser":4,"minecraft:horse_one_cm":1711},"minecraft:broken":{"minecraft:stone_pickaxe":2,"minecraft:iron_axe":1,"minecraft:stone_axe":1},"minecraft:mined":{"minecraft:stone_pressure_plate":1,"minecraft:pink_bed":3,"minecraft:mossy_stone_brick_slab":1,"minecraft:jungle_leaves":4,"minecraft:cave_vines_plant":1,"minecraft:acacia_log":5,"minecraft:infested_cobblestone":9,"minecraft:jungle_planks":18,"minecraft:jungle_log":75,"minecraft:light_gray_bed":6,"minecraft:redstone_wire":3,"minecraft:birch_slab":2,"minecraft:composter":2,"minecraft:moss_block":4,"minecraft:oxeye_daisy":5,"minecraft:sandstone":14,"minecraft:hay_block":10,"minecraft:tall_seagrass":1,"minecraft:carrots":45,"minecraft:iron_ore":3,"minecraft:sticky_piston":1,"minecraft:andesite":7,"minecraft:fletching_table":1,"minecraft:brown_bed":3,"minecraft:bell":1,"minecraft:bookshelf":24,"minecraft:potatoes":51,"minecraft:flowering_azalea_leaves":5,"minecraft:vine":20,"minecraft:azalea_leaves":12,"minecraft:bamboo":6,"minecraft:stone":341,"minecraft:orange_bed":4,"minecraft:tripwire":4,"minecraft:sandstone_slab":2,"minecraft:hanging_roots":1,"minecraft:melon_stem":1,"minecraft:observer":1,"minecraft:dandelion":2,"minecraft:clay":2,"minecraft:crafting_table":3,"minecraft:torch":8,"minecraft:note_block":1,"minecraft:dropper":1,"minecraft:oak_wood":19,"minecraft:poppy":2,"minecraft:calcite":7,"minecraft:melon":6,"minecraft:lectern":3,"minecraft:tall_grass":10,"minecraft:cobblestone":14,"minecraft:cyan_bed":3,"minecraft:sugar_cane":1,"minecraft:blue_bed":3,"minecraft:wall_torch":12,"minecraft:seagrass":1,"minecraft:purple_bed":1,"minecraft:repeater":1,"minecraft:wheat":47,"minecraft:creeper_head":1,"minecraft:magenta_bed":3,"minecraft:gray_bed":3,"minecraft:black_bed":2,"minecraft:stone_brick_stairs":1,"minecraft:grass":43,"minecraft:coal_ore":51,"minecraft:beetroots":42,"minecraft:gravel":54,"minecraft:sand":41,"minecraft:flower_pot":1,"minecraft:tripwire_hook":2,"minecraft:dispenser":4,"minecraft:small_dripleaf":1,"minecraft:mossy_stone_bricks":2,"minecraft:oak_leaves":41,"minecraft:birch_fence":1},"minecraft:dropped":{"minecraft:iron_ingot":3,"minecraft:bread":1,"minecraft:moss_block":4,"minecraft:wheat_seeds":4,"minecraft:diamond":1,"minecraft:poisonous_potato":1,"minecraft:cobblestone":74,"minecraft:jungle_planks":5,"minecraft:coal":3,"minecraft:birch_slab":2,"minecraft:stick":5,"minecraft:emerald":6,"minecraft:oxeye_daisy":2,"minecraft:birch_fence":1,"minecraft:torch":1,"minecraft:rabbit":1,"minecraft:sand":9,"minecraft:iron_axe":2,"minecraft:cactus":9,"minecraft:iron_shovel":1,"minecraft:string":2,"minecraft:dandelion":1,"minecraft:redstone":1,"minecraft:bone":2,"minecraft:moss_carpet":1,"minecraft:creeper_head":1,"minecraft:wheat":4,"minecraft:raw_iron":1,"minecraft:clay_ball":4,"minecraft:oak_planks":24,"minecraft:eye_armor_trim_smithing_template":1,"minecraft:poppy":2,"minecraft:potato":30,"minecraft:charcoal":2,"minecraft:beetroot_seeds":109,"minecraft:melon_seeds":2,"minecraft:purple_bed":1,"minecraft:mossy_stone_bricks":2,"minecraft:stone_bricks":3,"minecraft:arrow":1,"minecraft:stone_pickaxe":2,"minecraft:cyan_bed":1},"minecraft:crafted":{"minecraft:oak_planks":74,"minecraft:furnace":1,"minecraft:iron_axe":2,"minecraft:stone_pickaxe":3,"minecraft:chest":2,"minecraft:wheat":63,"minecraft:crafting_table":5,"minecraft:wooden_pickaxe":1,"minecraft:iron_sword":1,"minecraft:fletching_table":1,"minecraft:stone_axe":2,"minecraft:jungle_planks":160,"minecraft:charcoal":5,"minecraft:stick":56,"minecraft:iron_ingot":9,"minecraft:iron_pickaxe":1,"minecraft:wooden_axe":1,"minecraft:torch":196},"minecraft:killed":{"minecraft:spider":2,"minecraft:skeleton":1,"minecraft:silverfish":10,"minecraft:husk":9,"minecraft:pig":16,"minecraft:rabbit":1,"minecraft:iron_golem":1,"minecraft:wandering_trader":1,"minecraft:creeper":1,"minecraft:sheep":4,"minecraft:trader_llama":1,"minecraft:zombie":4,"minecraft:cow":4},"minecraft:picked_up":{"minecraft:wooden_axe":1,"minecraft:charcoal":2,"minecraft:crafting_table":3,"minecraft:wheat":28,"minecraft:sandstone_slab":2,"minecraft:creeper_head":1,"minecraft:clay_ball":8,"minecraft:wooden_pickaxe":1,"minecraft:brown_bed":3,"minecraft:shield":1,"minecraft:string":4,"minecraft:moss_carpet":1,"minecraft:iron_axe":2,"minecraft:experience_bottle":1,"minecraft:iron_shovel":1,"minecraft:birch_fence":1,"minecraft:beetroot":37,"minecraft:beef":6,"minecraft:observer":1,"minecraft:calcite":3,"minecraft:azalea":7,"minecraft:poppy":2,"minecraft:lectern":3,"minecraft:melon_slice":32,"minecraft:stick":1,"minecraft:raw_iron":4,"minecraft:sandstone":16,"minecraft:composter":2,"minecraft:torch":27,"minecraft:acacia_log":5,"minecraft:note_block":1,"minecraft:porkchop":32,"minecraft:carrot":132,"minecraft:redstone":1,"minecraft:rabbit_foot":1,"minecraft:orange_bed":3,"minecraft:arrow":1,"minecraft:light_gray_bed":5,"minecraft:rotten_flesh":17,"minecraft:beetroot_seeds":109,"minecraft:hay_block":11,"minecraft:mutton":7,"minecraft:white_wool":4,"minecraft:cobblestone":752,"minecraft:oxeye_daisy":2,"minecraft:birch_slab":2,"minecraft:andesite":9,"minecraft:jungle_log":88,"minecraft:black_bed":2,"minecraft:leather":6,"minecraft:potato":140,"minecraft:flint":2,"minecraft:magenta_bed":3,"minecraft:gunpowder":2,"minecraft:lapis_lazuli":8,"minecraft:blue_bed":2,"minecraft:bone":4,"minecraft:apple":1,"minecraft:wheat_seeds":56,"minecraft:bell":1,"minecraft:iron_ingot":6,"minecraft:stone_pickaxe":2,"minecraft:mossy_stone_bricks":2,"minecraft:rabbit":1,"minecraft:bamboo":22,"minecraft:moss_block":4,"minecraft:gray_bed":3,"minecraft:oak_planks":30,"minecraft:flowering_azalea":3,"minecraft:book":72,"minecraft:pink_bed":3,"minecraft:dandelion":1,"minecraft:poisonous_potato":1,"minecraft:gravel":55,"minecraft:dropper":1,"minecraft:sand":59,"minecraft:jungle_planks":33,"minecraft:cyan_bed":4,"minecraft:oak_wood":19,"minecraft:purple_bed":1,"minecraft:diamond":1,"minecraft:stone_axe":1,"minecraft:emerald":2,"minecraft:bread":42,"minecraft:melon_seeds":2,"minecraft:coal":80}},"DataVersion":3465}