{"stats":{"minecraft:custom":{"minecraft:animals_bred":26,"minecraft:interact_with_crafting_table":51,"minecraft:leave_game":10,"minecraft:time_since_death":107550,"minecraft:sprint_one_cm":536083,"minecraft:damage_blocked_by_shield":2235,"minecraft:drop":116,"minecraft:play_noteblock":3,"minecraft:talked_to_villager":96,"minecraft:play_time":376063,"minecraft:deaths":2,"minecraft:jump":4654,"minecraft:walk_on_water_one_cm":12637,"minecraft:interact_with_furnace":27,"minecraft:traded_with_villager":347,"minecraft:sleep_in_bed":14,"minecraft:damage_dealt":14161,"minecraft:crouch_one_cm":8357,"minecraft:inspect_dispenser":4,"minecraft:horse_one_cm":1711,"minecraft:inspect_dropper":1,"minecraft:mob_kills":75,"minecraft:damage_dealt_resisted":371,"minecraft:climb_one_cm":19300,"minecraft:walk_one_cm":862523,"minecraft:damage_dealt_absorbed":48,"minecraft:sneak_time":5105,"minecraft:walk_under_water_one_cm":2447,"minecraft:total_world_time":376063,"minecraft:time_since_rest":13332,"minecraft:damage_taken":3187,"minecraft:fly_one_cm":536927,"minecraft:open_chest":179,"minecraft:fall_one_cm":118027},"minecraft:killed":{"minecraft:spider":6,"minecraft:skeleton":4,"minecraft:silverfish":10,"minecraft:skeleton_horse":1,"minecraft:pig":16,"minecraft:iron_golem":4,"minecraft:creeper":2,"minecraft:sheep":4,"minecraft:trader_llama":1,"minecraft:zombie":5,"minecraft:cow":6,"minecraft:husk":13,"minecraft:rabbit":1,"minecraft:wandering_trader":1,"minecraft:enderman":1},"minecraft:crafted":{"minecraft:jungle_button":27,"minecraft:smooth_stone":4,"minecraft:oak_planks":74,"minecraft:chainmail_helmet":13,"minecraft:stone":4,"minecraft:diamond_helmet":2,"minecraft:diamond_leggings":2,"minecraft:iron_boots":12,"minecraft:chest":6,"minecraft:emerald":301,"minecraft:arrow":16,"minecraft:crafting_table":6,"minecraft:spruce_planks":672,"minecraft:wooden_pickaxe":1,"minecraft:fletching_table":8,"minecraft:charcoal":5,"minecraft:stick":5340,"minecraft:iron_pickaxe":1,"minecraft:iron_ingot":9,"minecraft:composter":1,"minecraft:furnace":2,"minecraft:blast_furnace":1,"minecraft:bone_meal":27,"minecraft:iron_axe":5,"minecraft:stone_pickaxe":3,"minecraft:diamond_boots":2,"minecraft:wheat":63,"minecraft:iron_sword":1,"minecraft:stone_axe":2,"minecraft:jungle_slab":12,"minecraft:jungle_planks":2100,"minecraft:chainmail_boots":12,"minecraft:wooden_axe":3,"minecraft:torch":196,"minecraft:diamond_chestplate":2},"minecraft:broken":{"minecraft:stone_pickaxe":2,"minecraft:stone_axe":1,"minecraft:iron_axe":5},"minecraft:mined":{"minecraft:stone_pressure_plate":1,"minecraft:pink_bed":3,"minecraft:mossy_stone_brick_slab":1,"minecraft:jungle_leaves":16,"minecraft:brewing_stand":1,"minecraft:cave_vines_plant":1,"minecraft:acacia_log":5,"minecraft:grass_block":126,"minecraft:infested_cobblestone":9,"minecraft:jungle_log":522,"minecraft:light_gray_bed":12,"minecraft:composter":2,"minecraft:oxeye_daisy":5,"minecraft:smooth_stone":1,"minecraft:tall_seagrass":1,"minecraft:iron_ore":3,"minecraft:sticky_piston":1,"minecraft:fletching_table":35,"minecraft:brown_bed":3,"minecraft:flowering_azalea_leaves":5,"minecraft:azalea_leaves":20,"minecraft:tripwire":4,"minecraft:green_bed":1,"minecraft:orange_bed":5,"minecraft:sandstone_slab":2,"minecraft:melon_stem":1,"minecraft:clay":2,"minecraft:torch":8,"minecraft:note_block":1,"minecraft:calcite":7,"minecraft:poppy":2,"minecraft:melon":6,"minecraft:dead_bush":4,"minecraft:cobblestone":71,"minecraft:cyan_bed":3,"minecraft:sugar_cane":1,"minecraft:wall_torch":12,"minecraft:seagrass":1,"minecraft:repeater":1,"minecraft:wheat":50,"minecraft:magenta_bed":3,"minecraft:black_bed":3,"minecraft:stone_brick_stairs":1,"minecraft:grass":55,"minecraft:beetroots":42,"minecraft:sand":91,"minecraft:dirt":3,"minecraft:sandstone_wall":4,"minecraft:tripwire_hook":2,"minecraft:dispenser":4,"minecraft:oak_leaves":47,"minecraft:jungle_planks":19,"minecraft:redstone_wire":3,"minecraft:birch_slab":2,"minecraft:spruce_leaves":12,"minecraft:moss_block":9,"minecraft:sandstone":16,"minecraft:rooted_dirt":10,"minecraft:hay_block":10,"minecraft:spruce_sapling":4,"minecraft:carrots":93,"minecraft:andesite":7,"minecraft:bell":1,"minecraft:bookshelf":24,"minecraft:potatoes":127,"minecraft:vine":72,"minecraft:bamboo":6,"minecraft:stone":341,"minecraft:hanging_roots":1,"minecraft:observer":1,"minecraft:dandelion":2,"minecraft:crafting_table":5,"minecraft:oak_wood":19,"minecraft:dropper":1,"minecraft:lectern":3,"minecraft:tall_grass":10,"minecraft:blue_bed":5,"minecraft:purple_bed":1,"minecraft:creeper_head":1,"minecraft:gray_bed":3,"minecraft:spruce_log":441,"minecraft:coal_ore":51,"minecraft:cocoa":1,"minecraft:flower_pot":1,"minecraft:gravel":119,"minecraft:cobweb":2,"minecraft:acacia_planks":10,"minecraft:small_dripleaf":4,"minecraft:mossy_stone_bricks":2,"minecraft:birch_fence":3,"minecraft:fern":4},"minecraft:killed_by":{"minecraft:husk":1,"minecraft:iron_golem":1},"minecraft:dropped":{"minecraft:moss_block":7,"minecraft:diamond":1,"minecraft:black_bed":1,"minecraft:rooted_dirt":7,"minecraft:jungle_planks":5,"minecraft:birch_slab":2,"minecraft:emerald":173,"minecraft:birch_fence":1,"minecraft:jungle_button":2,"minecraft:sand":9,"minecraft:bone":2,"minecraft:gravel":2,"minecraft:goat_horn":1,"minecraft:wheat":4,"minecraft:oak_planks":24,"minecraft:carrot":71,"minecraft:eye_armor_trim_smithing_template":2,"minecraft:poppy":2,"minecraft:charcoal":2,"minecraft:beetroot_seeds":109,"minecraft:melon_seeds":2,"minecraft:azalea":1,"minecraft:chainmail_boots":14,"minecraft:arrow":1,"minecraft:iron_ingot":3,"minecraft:bread":27,"minecraft:wheat_seeds":13,"minecraft:diamond_leggings":1,"minecraft:poisonous_potato":5,"minecraft:cobblestone":74,"minecraft:chainmail_helmet":13,"minecraft:coal":3,"minecraft:stick":5,"minecraft:oxeye_daisy":2,"minecraft:torch":1,"minecraft:melon_slice":62,"minecraft:rabbit":1,"minecraft:diamond_helmet":1,"minecraft:iron_axe":2,"minecraft:cactus":9,"minecraft:iron_shovel":2,"minecraft:string":2,"minecraft:spruce_sapling":11,"minecraft:dandelion":1,"minecraft:redstone":1,"minecraft:moss_carpet":1,"minecraft:creeper_head":1,"minecraft:player_head":1,"minecraft:cocoa_beans":12,"minecraft:raw_iron":1,"minecraft:clay_ball":4,"minecraft:iron_boots":2,"minecraft:potato":158,"minecraft:diamond_chestplate":1,"minecraft:mossy_stone_bricks":2,"minecraft:purple_bed":1,"minecraft:stone_bricks":3,"minecraft:spruce_log":133,"minecraft:diamond_boots":1,"minecraft:stone_pickaxe":2,"minecraft:cyan_bed":1},"minecraft:picked_up":{"minecraft:wooden_axe":1,"minecraft:wheat":94,"minecraft:chainmail_boots":2,"minecraft:creeper_head":1,"minecraft:brown_bed":3,"minecraft:potion":2,"minecraft:brewing_stand":1,"minecraft:string":10,"minecraft:experience_bottle":1,"minecraft:beetroot":37,"minecraft:smooth_stone":1,"minecraft:eye_armor_trim_smithing_template":1,"minecraft:calcite":3,"minecraft:azalea":8,"minecraft:melon_slice":94,"minecraft:stick":24,"minecraft:composter":2,"minecraft:acacia_log":5,"minecraft:torch":27,"minecraft:green_bed":1,"minecraft:sandstone_wall":4,"minecraft:porkchop":32,"minecraft:rabbit_foot":1,"minecraft:orange_bed":4,"minecraft:light_gray_bed":11,"minecraft:rotten_flesh":25,"minecraft:cobblestone":801,"minecraft:birch_slab":2,"minecraft:andesite":9,"minecraft:jungle_log":552,"minecraft:black_bed":3,"minecraft:potato":333,"minecraft:flint":20,"minecraft:magenta_bed":3,"minecraft:lapis_lazuli":8,"minecraft:dirt":129,"minecraft:bone":12,"minecraft:acacia_planks":11,"minecraft:wheat_seeds":65,"minecraft:bell":1,"minecraft:rabbit":1,"minecraft:mossy_stone_bricks":2,"minecraft:fletching_table":34,"minecraft:bamboo":22,"minecraft:moss_block":9,"minecraft:oak_planks":30,"minecraft:dropper":1,"minecraft:poisonous_potato":5,"minecraft:jungle_planks":34,"minecraft:sand":210,"minecraft:cyan_bed":4,"minecraft:diamond":1,"minecraft:bread":65,"minecraft:emerald":18,"minecraft:rooted_dirt":7,"minecraft:oak_sapling":1,"minecraft:cocoa_beans":12,"minecraft:charcoal":2,"minecraft:crafting_table":5,"minecraft:sandstone_slab":2,"minecraft:clay_ball":8,"minecraft:wooden_pickaxe":1,"minecraft:shield":1,"minecraft:moss_carpet":1,"minecraft:iron_axe":2,"minecraft:iron_shovel":1,"minecraft:birch_fence":3,"minecraft:beef":9,"minecraft:player_head":1,"minecraft:jungle_sapling":4,"minecraft:observer":1,"minecraft:poppy":2,"minecraft:lectern":3,"minecraft:raw_iron":4,"minecraft:sandstone":16,"minecraft:note_block":1,"minecraft:carrot":295,"minecraft:redstone":1,"minecraft:arrow":7,"minecraft:beetroot_seeds":109,"minecraft:hay_block":11,"minecraft:mutton":7,"minecraft:white_wool":4,"minecraft:oxeye_daisy":2,"minecraft:leather":8,"minecraft:gunpowder":4,"minecraft:blue_bed":5,"minecraft:apple":2,"minecraft:iron_ingot":18,"minecraft:stone_pickaxe":2,"minecraft:gray_bed":3,"minecraft:flowering_azalea":3,"minecraft:book":72,"minecraft:pink_bed":3,"minecraft:dandelion":1,"minecraft:gravel":115,"minecraft:spruce_sapling":51,"minecraft:spruce_log":505,"minecraft:oak_wood":19,"minecraft:purple_bed":1,"minecraft:stone_axe":1,"minecraft:melon_seeds":2,"minecraft:coal":80,"minecraft:ender_pearl":1},"minecraft:used":{"minecraft:moss_block":1,"minecraft:iron_shovel":312,"minecraft:chest":6,"minecraft:shield":52,"minecraft:iron_sword":131,"minecraft:bell":1,"minecraft:rotten_flesh":6,"minecraft:jungle_planks":49,"minecraft:carrot":150,"minecraft:furnace":1,"minecraft:gray_bed":3,"minecraft:potato":196,"minecraft:stone_pickaxe":379,"minecraft:sandstone":14,"minecraft:wooden_pickaxe":20,"minecraft:composter":1,"minecraft:blue_bed":5,"minecraft:sand":40,"minecraft:blast_furnace":1,"minecraft:black_bed":2,"minecraft:melon_slice":14,"minecraft:cyan_bed":3,"minecraft:bread":58,"minecraft:lectern":3,"minecraft:gravel":90,"minecraft:bone_meal":27,"minecraft:orange_bed":4,"minecraft:torch":146,"minecraft:dirt":96,"minecraft:wooden_axe":27,"minecraft:iron_axe":1417,"minecraft:jungle_log":13,"minecraft:goat_horn":5,"minecraft:acacia_planks":8,"minecraft:light_gray_bed":11,"minecraft:brown_bed":3,"minecraft:fletching_table":42,"minecraft:green_bed":1,"minecraft:crafting_table":10,"minecraft:magenta_bed":3,"minecraft:iron_pickaxe":159,"minecraft:spruce_sapling":40,"minecraft:stone_axe":211,"minecraft:pink_bed":3,"minecraft:cobblestone":407,"minecraft:smooth_stone":1}},"DataVersion":3465}