{"stats":{"minecraft:dropped":{"minecraft:bread":48,"minecraft:iron_sword":3,"minecraft:lapis_lazuli":8,"minecraft:glow_ink_sac":6,"minecraft:cobblestone":564,"minecraft:leather":2,"minecraft:iron_axe":1,"minecraft:sand":18,"minecraft:mud":1,"minecraft:orange_bed":1,"minecraft:cactus":3,"minecraft:iron_shovel":2,"minecraft:string":3,"minecraft:tripwire_hook":2,"minecraft:bone":4,"minecraft:stone_sword":1,"minecraft:experience_bottle":1,"minecraft:rotten_flesh":7,"minecraft:clay_ball":28,"minecraft:mossy_stone_brick_slab":1,"minecraft:poppy":1,"minecraft:shield":2,"minecraft:gunpowder":1,"minecraft:purple_bed":2,"minecraft:azalea":1,"minecraft:stone_pressure_plate":1,"minecraft:sandstone":2,"minecraft:arrow":3,"minecraft:stone_pickaxe":2,"minecraft:stone_brick_stairs":1,"minecraft:cyan_bed":2},"minecraft:crafted":{"minecraft:furnace":1,"minecraft:iron_axe":1,"minecraft:stone_pickaxe":2,"minecraft:chest":2,"minecraft:wheat":126,"minecraft:crafting_table":2,"minecraft:spruce_planks":728,"minecraft:iron_sword":1,"minecraft:stone_axe":1,"minecraft:jungle_slab":6,"minecraft:bread":42,"minecraft:air":0,"minecraft:jungle_planks":44,"minecraft:shield":2,"minecraft:stick":1552,"minecraft:iron_ingot":25,"minecraft:iron_pickaxe":2,"minecraft:stone_sword":2,"minecraft:iron_shovel":2,"minecraft:torch":24},"minecraft:used":{"minecraft:moss_block":2,"minecraft:stone_sword":29,"minecraft:iron_shovel":38,"minecraft:dispenser":2,"minecraft:chest":2,"minecraft:spruce_planks":1,"minecraft:iron_sword":78,"minecraft:orange_bed":1,"minecraft:torch":35,"minecraft:jungle_planks":1,"minecraft:iron_axe":197,"minecraft:furnace":2,"minecraft:stone_pickaxe":153,"minecraft:cactus":2,"minecraft:sandstone":1,"minecraft:fletching_table":2,"minecraft:gilded_blackstone":1,"minecraft:glow_berries":1,"minecraft:sand":2,"minecraft:crafting_table":3,"minecraft:black_bed":1,"minecraft:melon_slice":3,"minecraft:bread":38,"minecraft:iron_pickaxe":502,"minecraft:gravel":12,"minecraft:stone_axe":14,"minecraft:cobblestone":70,"minecraft:purple_bed":2},"minecraft:killed":{"minecraft:spider":1,"minecraft:skeleton":3,"minecraft:silverfish":32,"minecraft:husk":3,"minecraft:creeper":1,"minecraft:zombie":2},"minecraft:custom":{"minecraft:inspect_dropper":1,"minecraft:mob_kills":43,"minecraft:interact_with_crafting_table":18,"minecraft:leave_game":16,"minecraft:time_since_death":175064,"minecraft:climb_one_cm":4233,"minecraft:sprint_one_cm":238088,"minecraft:walk_one_cm":668045,"minecraft:drop":101,"minecraft:talked_to_villager":2,"minecraft:play_time":217114,"minecraft:deaths":2,"minecraft:sneak_time":1511,"minecraft:walk_under_water_one_cm":863,"minecraft:jump":1725,"minecraft:interact_with_brewingstand":1,"minecraft:walk_on_water_one_cm":2678,"minecraft:total_world_time":217114,"minecraft:interact_with_furnace":11,"minecraft:sleep_in_bed":2,"minecraft:time_since_rest":2714,"minecraft:damage_taken":2135,"minecraft:damage_dealt":5071,"minecraft:fly_one_cm":125031,"minecraft:open_chest":46,"minecraft:crouch_one_cm":3053,"minecraft:fall_one_cm":29780,"minecraft:inspect_dispenser":2,"minecraft:horse_one_cm":1205},"minecraft:broken":{"minecraft:iron_pickaxe":2},"minecraft:picked_up":{"minecraft:mud":1,"minecraft:crafting_table":2,"minecraft:creeper_head":1,"minecraft:clay_ball":40,"minecraft:gilded_blackstone":1,"minecraft:stone_brick_stairs":1,"minecraft:shield":1,"minecraft:string":3,"minecraft:iron_axe":1,"minecraft:iron_shovel":2,"minecraft:eye_armor_trim_smithing_template":1,"minecraft:azalea":2,"minecraft:poppy":1,"minecraft:melon_slice":43,"minecraft:furnace":1,"minecraft:stick":60,"minecraft:raw_iron":34,"minecraft:sandstone":3,"minecraft:big_dripleaf":13,"minecraft:torch":33,"minecraft:acacia_log":5,"minecraft:redstone":2,"minecraft:stone_pressure_plate":1,"minecraft:orange_bed":2,"minecraft:rotten_flesh":9,"minecraft:arrow":5,"minecraft:stone_sword":1,"minecraft:cactus":5,"minecraft:hay_block":14,"minecraft:glow_berries":1,"minecraft:cobblestone":863,"minecraft:repeater":1,"minecraft:glow_ink_sac":9,"minecraft:tripwire_hook":2,"minecraft:jungle_log":13,"minecraft:black_bed":2,"minecraft:leather":2,"minecraft:flint":2,"minecraft:gunpowder":1,"minecraft:lapis_lazuli":8,"minecraft:bone":6,"minecraft:spore_blossom":5,"minecraft:stone_pickaxe":1,"minecraft:fletching_table":2,"minecraft:rabbit":1,"minecraft:moss_block":2,"minecraft:iron_sword":3,"minecraft:oak_planks":24,"minecraft:dandelion":1,"minecraft:gravel":32,"minecraft:sand":22,"minecraft:spruce_sapling":15,"minecraft:spruce_log":182,"minecraft:cyan_bed":2,"minecraft:mossy_stone_brick_slab":1,"minecraft:dispenser":3,"minecraft:purple_bed":4,"minecraft:emerald":6,"minecraft:bread":12,"minecraft:coal":54,"minecraft:ender_pearl":1},"minecraft:killed_by":{"minecraft:husk":1},"minecraft:mined":{"minecraft:cave_vines_plant":1,"minecraft:acacia_log":5,"minecraft:infested_cobblestone":3,"minecraft:jungle_log":15,"minecraft:spruce_leaves":2,"minecraft:moss_block":3,"minecraft:sandstone":1,"minecraft:gilded_blackstone":1,"minecraft:hay_block":15,"minecraft:furnace":1,"minecraft:iron_ore":33,"minecraft:fletching_table":1,"minecraft:flowering_azalea_leaves":2,"minecraft:vine":5,"minecraft:azalea_leaves":7,"minecraft:stone":521,"minecraft:orange_bed":1,"minecraft:clay":7,"minecraft:crafting_table":2,"minecraft:torch":5,"minecraft:melon":9,"minecraft:cobblestone":47,"minecraft:lapis_ore":1,"minecraft:cyan_bed":2,"minecraft:wall_torch":5,"minecraft:purple_bed":1,"minecraft:cactus":2,"minecraft:mud":1,"minecraft:spruce_log":182,"minecraft:black_bed":2,"minecraft:grass":6,"minecraft:coal_ore":40,"minecraft:gravel":35,"minecraft:sand":10,"minecraft:oak_leaves":3}},"DataVersion":3465}