{"stats":{"minecraft:crafted":{"minecraft:barrel":5,"minecraft:cherry_slab":6,"minecraft:glass":64,"minecraft:chest":11,"minecraft:crafting_table":5,"minecraft:spruce_planks":804,"minecraft:jungle_boat":1,"minecraft:dark_oak_slab":6,"minecraft:cherry_sign":3,"minecraft:shield":3,"minecraft:stick":4388,"minecraft:iron_ingot":25,"minecraft:iron_pickaxe":2,"minecraft:stone_sword":2,"minecraft:cherry_planks":320,"minecraft:furnace":3,"minecraft:bone_meal":21,"minecraft:glass_pane":96,"minecraft:iron_axe":5,"minecraft:ladder":6,"minecraft:spruce_slab":6,"minecraft:stone_pickaxe":2,"minecraft:dark_oak_planks":320,"minecraft:wheat":126,"minecraft:iron_sword":3,"minecraft:stone_axe":1,"minecraft:jungle_slab":6,"minecraft:bread":111,"minecraft:air":0,"minecraft:jungle_planks":1624,"minecraft:iron_shovel":6,"minecraft:cherry_door":3,"minecraft:acacia_planks":20,"minecraft:torch":24},"minecraft:picked_up":{"minecraft:wheat":128,"minecraft:creeper_head":1,"minecraft:potion":1,"minecraft:gilded_blackstone":1,"minecraft:stone_brick_stairs":1,"minecraft:string":14,"minecraft:armor_stand":1,"minecraft:oak_sign":2,"minecraft:diamond_leggings":3,"minecraft:eye_armor_trim_smithing_template":8,"minecraft:azalea":2,"minecraft:iron_pickaxe":4,"minecraft:melon_slice":544,"minecraft:furnace":2,"minecraft:iron_boots":5,"minecraft:stick":167,"minecraft:big_dripleaf":13,"minecraft:torch":100,"minecraft:acacia_log":5,"minecraft:sandstone_wall":2,"minecraft:cherry_log":80,"minecraft:goat_horn":4,"minecraft:orange_bed":2,"minecraft:rotten_flesh":46,"minecraft:stone_sword":1,"minecraft:cactus":16,"minecraft:light_gray_bed":2,"minecraft:mangrove_roots":1,"minecraft:cobblestone":1128,"minecraft:repeater":1,"minecraft:cherry_planks":12,"minecraft:andesite":3,"minecraft:jungle_log":413,"minecraft:black_bed":38,"minecraft:potato":45,"minecraft:flint":13,"minecraft:lapis_lazuli":8,"minecraft:dirt":448,"minecraft:bone":31,"minecraft:acacia_planks":3,"minecraft:wheat_seeds":40,"minecraft:diamond_helmet":2,"minecraft:rabbit":1,"minecraft:fletching_table":2,"minecraft:moss_block":2,"minecraft:oak_planks":25,"minecraft:jungle_planks":53,"minecraft:sand":504,"minecraft:cyan_bed":2,"minecraft:barrel":1,"minecraft:dark_oak_log":123,"minecraft:dispenser":3,"minecraft:bread":173,"minecraft:emerald":186,"minecraft:rooted_dirt":6,"minecraft:cocoa_beans":9,"minecraft:mud":1,"minecraft:crafting_table":15,"minecraft:clay_ball":40,"minecraft:shield":11,"minecraft:moss_carpet":12,"minecraft:iron_axe":10,"minecraft:iron_shovel":13,"minecraft:birch_fence":2,"minecraft:blackstone":4,"minecraft:beef":16,"minecraft:player_head":9,"minecraft:jungle_sapling":6,"minecraft:poppy":1,"minecraft:chest":1,"minecraft:dark_oak_sapling":16,"minecraft:raw_iron":34,"minecraft:sandstone":3,"minecraft:carrot":717,"minecraft:redstone":2,"minecraft:stone_pressure_plate":1,"minecraft:dark_oak_planks":10,"minecraft:arrow":49,"minecraft:diamond_chestplate":2,"minecraft:hay_block":14,"minecraft:diamond_boots":3,"minecraft:glow_berries":1,"minecraft:jungle_boat":7,"minecraft:tripwire_hook":2,"minecraft:glow_ink_sac":9,"minecraft:leather":5,"minecraft:lily_pad":5,"minecraft:gunpowder":8,"minecraft:blue_bed":1,"minecraft:white_banner":1,"minecraft:podzol":1,"minecraft:red_carpet":1,"minecraft:apple":3,"minecraft:spore_blossom":5,"minecraft:iron_ingot":82,"minecraft:stone_pickaxe":1,"minecraft:glass_bottle":2,"minecraft:iron_sword":12,"minecraft:scaffolding":6,"minecraft:smooth_basalt":5,"minecraft:dandelion":1,"minecraft:gravel":103,"minecraft:spruce_sapling":29,"minecraft:spruce_log":333,"minecraft:mossy_stone_brick_slab":1,"minecraft:spider_eye":3,"minecraft:purple_bed":4,"minecraft:cherry_sapling":56,"minecraft:coal":54,"minecraft:dark_oak_wood":7,"minecraft:ender_pearl":1},"minecraft:used":{"minecraft:moss_block":2,"minecraft:cherry_sapling":13,"minecraft:moss_carpet":9,"minecraft:iron_shovel":1122,"minecraft:dispenser":2,"minecraft:ladder":4,"minecraft:shield":69,"minecraft:chest":11,"minecraft:iron_sword":377,"minecraft:jungle_planks":6,"minecraft:carrot":134,"minecraft:milk_bucket":2,"minecraft:red_carpet":1,"minecraft:mangrove_roots":1,"minecraft:furnace":5,"minecraft:potato":24,"minecraft:dark_oak_sapling":17,"minecraft:diamond_boots":4,"minecraft:stone_pickaxe":153,"minecraft:cactus":11,"minecraft:sandstone":1,"minecraft:blue_bed":1,"minecraft:diamond_axe":209,"minecraft:jungle_boat":7,"minecraft:glow_berries":1,"minecraft:sand":65,"minecraft:black_bed":37,"minecraft:bread":90,"minecraft:melon_slice":3,"minecraft:cherry_sign":3,"minecraft:gravel":71,"minecraft:diamond_sword":118,"minecraft:andesite":3,"minecraft:bone_meal":71,"minecraft:netherite_sword":21,"minecraft:stone_sword":29,"minecraft:spruce_planks":1,"minecraft:orange_bed":1,"minecraft:torch":36,"minecraft:dirt":377,"minecraft:diamond_helmet":3,"minecraft:dark_oak_planks":241,"minecraft:iron_axe":863,"minecraft:rooted_dirt":4,"minecraft:jungle_log":5,"minecraft:iron_boots":1,"minecraft:barrel":5,"minecraft:smooth_basalt":3,"minecraft:diamond_chestplate":3,"minecraft:golden_carrot":35,"minecraft:goat_horn":2,"minecraft:acacia_planks":6,"minecraft:cherry_planks":235,"minecraft:fletching_table":2,"minecraft:gilded_blackstone":1,"minecraft:crafting_table":9,"minecraft:spruce_log":2,"minecraft:cherry_door":1,"minecraft:iron_pickaxe":530,"minecraft:spruce_sapling":13,"minecraft:stone_axe":14,"minecraft:cobblestone":71,"minecraft:potion":1,"minecraft:purple_bed":2,"minecraft:glass_pane":76,"minecraft:diamond_leggings":4},"minecraft:broken":{"minecraft:iron_shovel":3,"minecraft:iron_axe":2,"minecraft:iron_pickaxe":2},"minecraft:killed":{"minecraft:cave_spider":5,"minecraft:witch":2,"minecraft:spider":9,"minecraft:skeleton":12,"minecraft:silverfish":32,"minecraft:zombie_villager":4,"minecraft:creeper":8,"minecraft:pillager":14,"minecraft:zombie":32,"minecraft:stray":2,"minecraft:vindicator":3,"minecraft:husk":21,"minecraft:enderman":1},"minecraft:custom":{"minecraft:animals_bred":2,"minecraft:interact_with_crafting_table":69,"minecraft:open_barrel":21,"minecraft:leave_game":36,"minecraft:time_since_death":195232,"minecraft:sprint_one_cm":1207542,"minecraft:damage_blocked_by_shield":3580,"minecraft:drop":217,"minecraft:talked_to_villager":9,"minecraft:play_time":779034,"minecraft:deaths":24,"minecraft:jump":6855,"minecraft:interact_with_brewingstand":2,"minecraft:walk_on_water_one_cm":10756,"minecraft:interact_with_furnace":19,"minecraft:sleep_in_bed":38,"minecraft:damage_dealt":26859,"minecraft:crouch_one_cm":10322,"minecraft:interact_with_smoker":1,"minecraft:inspect_dispenser":2,"minecraft:horse_one_cm":1205,"minecraft:inspect_dropper":1,"minecraft:mob_kills":150,"minecraft:climb_one_cm":24782,"minecraft:walk_one_cm":2193717,"minecraft:sneak_time":4415,"minecraft:walk_under_water_one_cm":4058,"minecraft:total_world_time":779034,"minecraft:time_since_rest":73,"minecraft:damage_taken":12406,"minecraft:swim_one_cm":14582,"minecraft:fly_one_cm":751702,"minecraft:open_chest":208,"minecraft:fall_one_cm":147177},"minecraft:killed_by":{"minecraft:vindicator":1,"minecraft:witch":4,"minecraft:zombie":2,"minecraft:husk":2,"minecraft:stray":1,"minecraft:iron_golem":13},"minecraft:dropped":{"minecraft:iron_sword":3,"minecraft:lapis_lazuli":8,"minecraft:glow_ink_sac":9,"minecraft:spore_blossom":5,"minecraft:rooted_dirt":2,"minecraft:leather":3,"minecraft:flint":13,"minecraft:dirt":6,"minecraft:dispenser":1,"minecraft:jungle_sapling":6,"minecraft:sand":138,"minecraft:bone":4,"minecraft:stone_axe":1,"minecraft:rotten_flesh":14,"minecraft:mossy_stone_brick_slab":1,"minecraft:carrot":7,"minecraft:sandstone_wall":2,"minecraft:poppy":1,"minecraft:gunpowder":1,"minecraft:jungle_log":2,"minecraft:azalea":2,"minecraft:ladder":2,"minecraft:arrow":21,"minecraft:scaffolding":3,"minecraft:stone_brick_stairs":1,"minecraft:iron_ingot":4,"minecraft:bread":77,"minecraft:wheat_seeds":12,"minecraft:cobblestone":706,"minecraft:apple":1,"minecraft:coal":3,"minecraft:stick":11,"minecraft:torch":67,"minecraft:rabbit":1,"minecraft:iron_axe":1,"minecraft:mud":1,"minecraft:orange_bed":1,"minecraft:cactus":5,"minecraft:iron_shovel":3,"minecraft:string":4,"minecraft:tripwire_hook":2,"minecraft:acacia_planks":15,"minecraft:dandelion":1,"minecraft:moss_carpet":3,"minecraft:player_head":1,"minecraft:stone_sword":2,"minecraft:cocoa_beans":9,"minecraft:experience_bottle":1,"minecraft:clay_ball":34,"minecraft:iron_boots":1,"minecraft:big_dripleaf":13,"minecraft:shield":2,"minecraft:purple_bed":2,"minecraft:light_gray_bed":2,"minecraft:stone_pressure_plate":1,"minecraft:barrel":1,"minecraft:spider_eye":1,"minecraft:sandstone":2,"minecraft:stone_pickaxe":2,"minecraft:cyan_bed":2},"minecraft:mined":{"minecraft:dark_oak_planks":10,"minecraft:cherry_log":80,"minecraft:jungle_leaves":18,"minecraft:cave_vines_plant":1,"minecraft:acacia_log":5,"minecraft:grass_block":299,"minecraft:infested_cobblestone":3,"minecraft:jungle_log":460,"minecraft:gilded_blackstone":1,"minecraft:iron_ore":33,"minecraft:fire":1,"minecraft:moss_carpet":1,"minecraft:fletching_table":1,"minecraft:flowering_azalea_leaves":2,"minecraft:azalea_leaves":7,"minecraft:orange_bed":1,"minecraft:blackstone":4,"minecraft:clay":7,"minecraft:torch":6,"minecraft:dark_oak_wood":7,"minecraft:melon":21,"minecraft:chest":1,"minecraft:dead_bush":2,"minecraft:cobblestone":50,"minecraft:cyan_bed":2,"minecraft:oak_planks":1,"minecraft:wall_torch":5,"minecraft:mud":1,"minecraft:black_bed":35,"minecraft:grass":146,"minecraft:dark_oak_sapling":8,"minecraft:sand":544,"minecraft:dirt":183,"minecraft:sandstone_wall":2,"minecraft:smooth_basalt":5,"minecraft:oak_leaves":14,"minecraft:red_carpet":1,"minecraft:dark_oak_leaves":93,"minecraft:cherry_sapling":3,"minecraft:dark_oak_log":123,"minecraft:jungle_planks":1,"minecraft:spruce_leaves":4,"minecraft:moss_block":4,"minecraft:sandstone":1,"minecraft:rooted_dirt":7,"minecraft:hay_block":15,"minecraft:furnace":2,"minecraft:carrots":89,"minecraft:andesite":3,"minecraft:potatoes":7,"minecraft:vine":39,"minecraft:stone":521,"minecraft:podzol":6,"minecraft:scaffolding":2,"minecraft:glass_pane":2,"minecraft:cherry_planks":12,"minecraft:crafting_table":5,"minecraft:lapis_ore":1,"minecraft:blue_bed":2,"minecraft:purple_bed":1,"minecraft:cactus":7,"minecraft:spruce_log":260,"minecraft:coal_ore":40,"minecraft:cherry_leaves":9,"minecraft:gravel":110,"minecraft:cobweb":3,"minecraft:acacia_planks":4,"minecraft:deepslate_emerald_ore":1,"minecraft:fern":27}},"DataVersion":3465}