{"stats":{"minecraft:used":{"minecraft:moss_block":2,"minecraft:stone_sword":29,"minecraft:iron_shovel":313,"minecraft:dispenser":2,"minecraft:chest":4,"minecraft:spruce_planks":1,"minecraft:shield":24,"minecraft:iron_sword":227,"minecraft:orange_bed":1,"minecraft:torch":35,"minecraft:dirt":61,"minecraft:jungle_planks":6,"minecraft:carrot":131,"minecraft:diamond_helmet":1,"minecraft:iron_axe":798,"minecraft:jungle_log":5,"minecraft:iron_boots":1,"minecraft:diamond_chestplate":1,"minecraft:goat_horn":2,"minecraft:furnace":2,"minecraft:potato":24,"minecraft:acacia_planks":6,"minecraft:diamond_boots":1,"minecraft:stone_pickaxe":153,"minecraft:cactus":6,"minecraft:sandstone":1,"minecraft:blue_bed":1,"minecraft:fletching_table":2,"minecraft:gilded_blackstone":1,"minecraft:glow_berries":1,"minecraft:sand":4,"minecraft:crafting_table":5,"minecraft:spruce_log":2,"minecraft:black_bed":17,"minecraft:bread":71,"minecraft:melon_slice":3,"minecraft:iron_pickaxe":510,"minecraft:spruce_sapling":13,"minecraft:gravel":71,"minecraft:stone_axe":14,"minecraft:cobblestone":71,"minecraft:purple_bed":2,"minecraft:diamond_leggings":1,"minecraft:bone_meal":12},"minecraft:dropped":{"minecraft:iron_ingot":4,"minecraft:bread":77,"minecraft:iron_sword":3,"minecraft:wheat_seeds":7,"minecraft:lapis_lazuli":8,"minecraft:glow_ink_sac":9,"minecraft:spore_blossom":5,"minecraft:cobblestone":706,"minecraft:apple":1,"minecraft:rooted_dirt":2,"minecraft:leather":3,"minecraft:coal":3,"minecraft:flint":13,"minecraft:stick":5,"minecraft:dirt":5,"minecraft:dispenser":1,"minecraft:torch":3,"minecraft:rabbit":1,"minecraft:jungle_sapling":6,"minecraft:iron_axe":1,"minecraft:sand":55,"minecraft:mud":1,"minecraft:cactus":3,"minecraft:orange_bed":1,"minecraft:iron_shovel":3,"minecraft:string":3,"minecraft:tripwire_hook":2,"minecraft:acacia_planks":15,"minecraft:dandelion":1,"minecraft:bone":4,"minecraft:stone_axe":1,"minecraft:moss_carpet":3,"minecraft:player_head":1,"minecraft:stone_sword":2,"minecraft:cocoa_beans":9,"minecraft:experience_bottle":1,"minecraft:rotten_flesh":14,"minecraft:clay_ball":34,"minecraft:iron_boots":1,"minecraft:mossy_stone_brick_slab":1,"minecraft:carrot":7,"minecraft:sandstone_wall":2,"minecraft:big_dripleaf":13,"minecraft:poppy":1,"minecraft:shield":2,"minecraft:gunpowder":1,"minecraft:light_gray_bed":2,"minecraft:jungle_log":2,"minecraft:purple_bed":2,"minecraft:azalea":2,"minecraft:stone_pressure_plate":1,"minecraft:sandstone":2,"minecraft:arrow":7,"minecraft:stone_pickaxe":2,"minecraft:scaffolding":3,"minecraft:stone_brick_stairs":1,"minecraft:cyan_bed":2},"minecraft:custom":{"minecraft:inspect_dropper":1,"minecraft:mob_kills":79,"minecraft:animals_bred":2,"minecraft:interact_with_crafting_table":37,"minecraft:leave_game":30,"minecraft:time_since_death":35104,"minecraft:climb_one_cm":15367,"minecraft:sprint_one_cm":607987,"minecraft:walk_one_cm":1462679,"minecraft:damage_blocked_by_shield":1130,"minecraft:drop":203,"minecraft:talked_to_villager":8,"minecraft:play_time":489345,"minecraft:sneak_time":3661,"minecraft:deaths":15,"minecraft:walk_under_water_one_cm":968,"minecraft:interact_with_brewingstand":2,"minecraft:jump":3796,"minecraft:walk_on_water_one_cm":4896,"minecraft:total_world_time":489345,"minecraft:interact_with_furnace":12,"minecraft:sleep_in_bed":17,"minecraft:time_since_rest":3522,"minecraft:damage_taken":6704,"minecraft:damage_dealt":12154,"minecraft:swim_one_cm":1266,"minecraft:fly_one_cm":337821,"minecraft:open_chest":139,"minecraft:crouch_one_cm":7799,"minecraft:fall_one_cm":78740,"minecraft:inspect_dispenser":2,"minecraft:horse_one_cm":1205},"minecraft:crafted":{"minecraft:furnace":1,"minecraft:bone_meal":15,"minecraft:iron_axe":5,"minecraft:stone_pickaxe":2,"minecraft:chest":4,"minecraft:wheat":126,"minecraft:crafting_table":2,"minecraft:spruce_planks":804,"minecraft:iron_sword":2,"minecraft:stone_axe":1,"minecraft:jungle_slab":6,"minecraft:bread":111,"minecraft:air":0,"minecraft:jungle_planks":1624,"minecraft:shield":2,"minecraft:stick":4368,"minecraft:iron_ingot":25,"minecraft:iron_pickaxe":2,"minecraft:stone_sword":2,"minecraft:iron_shovel":2,"minecraft:acacia_planks":20,"minecraft:torch":24},"minecraft:killed":{"minecraft:spider":6,"minecraft:skeleton":8,"minecraft:silverfish":32,"minecraft:husk":16,"minecraft:creeper":6,"minecraft:zombie":7,"minecraft:stray":2},"minecraft:mined":{"minecraft:jungle_leaves":18,"minecraft:cave_vines_plant":1,"minecraft:acacia_log":5,"minecraft:jungle_planks":1,"minecraft:grass_block":102,"minecraft:infested_cobblestone":3,"minecraft:jungle_log":460,"minecraft:spruce_leaves":3,"minecraft:moss_block":3,"minecraft:sandstone":1,"minecraft:rooted_dirt":7,"minecraft:gilded_blackstone":1,"minecraft:hay_block":15,"minecraft:furnace":1,"minecraft:carrots":89,"minecraft:iron_ore":33,"minecraft:moss_carpet":1,"minecraft:fletching_table":1,"minecraft:potatoes":7,"minecraft:flowering_azalea_leaves":2,"minecraft:vine":39,"minecraft:azalea_leaves":7,"minecraft:stone":521,"minecraft:orange_bed":1,"minecraft:podzol":1,"minecraft:scaffolding":2,"minecraft:clay":7,"minecraft:crafting_table":4,"minecraft:torch":6,"minecraft:melon":21,"minecraft:chest":1,"minecraft:cobblestone":50,"minecraft:lapis_ore":1,"minecraft:cyan_bed":2,"minecraft:blue_bed":2,"minecraft:wall_torch":5,"minecraft:purple_bed":1,"minecraft:cactus":4,"minecraft:mud":1,"minecraft:spruce_log":259,"minecraft:black_bed":17,"minecraft:grass":120,"minecraft:coal_ore":40,"minecraft:gravel":110,"minecraft:sand":99,"minecraft:dirt":3,"minecraft:sandstone_wall":2,"minecraft:cobweb":3,"minecraft:acacia_planks":4,"minecraft:oak_leaves":14,"minecraft:fern":26},"minecraft:picked_up":{"minecraft:mud":1,"minecraft:cocoa_beans":9,"minecraft:crafting_table":14,"minecraft:wheat":128,"minecraft:creeper_head":1,"minecraft:clay_ball":40,"minecraft:gilded_blackstone":1,"minecraft:stone_brick_stairs":1,"minecraft:shield":11,"minecraft:string":10,"minecraft:moss_carpet":3,"minecraft:iron_axe":10,"minecraft:armor_stand":1,"minecraft:iron_shovel":13,"minecraft:birch_fence":2,"minecraft:oak_sign":2,"minecraft:diamond_leggings":2,"minecraft:eye_armor_trim_smithing_template":8,"minecraft:beef":16,"minecraft:player_head":5,"minecraft:jungle_sapling":6,"minecraft:azalea":2,"minecraft:poppy":1,"minecraft:iron_pickaxe":2,"minecraft:melon_slice":544,"minecraft:chest":1,"minecraft:iron_boots":5,"minecraft:furnace":1,"minecraft:stick":136,"minecraft:raw_iron":34,"minecraft:sandstone":3,"minecraft:big_dripleaf":13,"minecraft:torch":35,"minecraft:acacia_log":5,"minecraft:sandstone_wall":2,"minecraft:carrot":717,"minecraft:redstone":2,"minecraft:goat_horn":4,"minecraft:stone_pressure_plate":1,"minecraft:orange_bed":2,"minecraft:stone_sword":1,"minecraft:arrow":32,"minecraft:cactus":9,"minecraft:rotten_flesh":25,"minecraft:light_gray_bed":2,"minecraft:diamond_chestplate":1,"minecraft:diamond_boots":2,"minecraft:hay_block":14,"minecraft:glow_berries":1,"minecraft:cobblestone":1128,"minecraft:repeater":1,"minecraft:glow_ink_sac":9,"minecraft:tripwire_hook":2,"minecraft:jungle_log":413,"minecraft:black_bed":19,"minecraft:leather":5,"minecraft:potato":45,"minecraft:flint":13,"minecraft:gunpowder":5,"minecraft:lapis_lazuli":8,"minecraft:dirt":66,"minecraft:blue_bed":1,"minecraft:bone":27,"minecraft:acacia_planks":3,"minecraft:apple":3,"minecraft:wheat_seeds":19,"minecraft:spore_blossom":5,"minecraft:iron_ingot":75,"minecraft:stone_pickaxe":1,"minecraft:fletching_table":2,"minecraft:diamond_helmet":1,"minecraft:rabbit":1,"minecraft:moss_block":2,"minecraft:iron_sword":12,"minecraft:oak_planks":25,"minecraft:scaffolding":6,"minecraft:dandelion":1,"minecraft:gravel":103,"minecraft:sand":59,"minecraft:jungle_planks":53,"minecraft:spruce_sapling":28,"minecraft:spruce_log":332,"minecraft:cyan_bed":2,"minecraft:mossy_stone_brick_slab":1,"minecraft:spider_eye":2,"minecraft:dispenser":3,"minecraft:purple_bed":4,"minecraft:bread":173,"minecraft:emerald":173,"minecraft:rooted_dirt":2,"minecraft:coal":54,"minecraft:ender_pearl":1},"minecraft:killed_by":{"minecraft:husk":1,"minecraft:iron_golem":13},"minecraft:broken":{"minecraft:iron_axe":2,"minecraft:iron_pickaxe":2}},"DataVersion":3465}