{"stats":{"minecraft:custom":{"minecraft:inspect_dropper":1,"minecraft:mob_kills":143,"minecraft:animals_bred":2,"minecraft:interact_with_crafting_table":40,"minecraft:open_barrel":12,"minecraft:leave_game":35,"minecraft:time_since_death":57751,"minecraft:climb_one_cm":19478,"minecraft:sprint_one_cm":899650,"minecraft:walk_one_cm":1781671,"minecraft:damage_blocked_by_shield":3580,"minecraft:drop":206,"minecraft:talked_to_villager":9,"minecraft:play_time":641553,"minecraft:sneak_time":4072,"minecraft:deaths":24,"minecraft:walk_under_water_one_cm":2476,"minecraft:interact_with_brewingstand":2,"minecraft:jump":5555,"minecraft:walk_on_water_one_cm":8030,"minecraft:total_world_time":641553,"minecraft:interact_with_furnace":12,"minecraft:sleep_in_bed":27,"minecraft:time_since_rest":9129,"minecraft:damage_taken":11683,"minecraft:damage_dealt":25687,"minecraft:swim_one_cm":1957,"minecraft:fly_one_cm":552538,"minecraft:open_chest":171,"minecraft:crouch_one_cm":8819,"minecraft:interact_with_smoker":1,"minecraft:fall_one_cm":112103,"minecraft:inspect_dispenser":2,"minecraft:horse_one_cm":1205},"minecraft:killed":{"minecraft:cave_spider":5,"minecraft:witch":2,"minecraft:spider":7,"minecraft:vindicator":3,"minecraft:skeleton":12,"minecraft:silverfish":32,"minecraft:husk":21,"minecraft:zombie_villager":3,"minecraft:creeper":7,"minecraft:pillager":14,"minecraft:zombie":30,"minecraft:stray":2,"minecraft:enderman":1},"minecraft:crafted":{"minecraft:furnace":1,"minecraft:bone_meal":15,"minecraft:iron_axe":5,"minecraft:stone_pickaxe":2,"minecraft:chest":4,"minecraft:dark_oak_planks":28,"minecraft:wheat":126,"minecraft:crafting_table":3,"minecraft:spruce_planks":804,"minecraft:jungle_boat":1,"minecraft:iron_sword":3,"minecraft:stone_axe":1,"minecraft:jungle_slab":6,"minecraft:bread":111,"minecraft:air":0,"minecraft:jungle_planks":1624,"minecraft:shield":3,"minecraft:stick":4368,"minecraft:iron_ingot":25,"minecraft:iron_pickaxe":2,"minecraft:stone_sword":2,"minecraft:iron_shovel":2,"minecraft:acacia_planks":20,"minecraft:torch":24},"minecraft:broken":{"minecraft:iron_axe":2,"minecraft:iron_pickaxe":2},"minecraft:mined":{"minecraft:red_carpet":1,"minecraft:dark_oak_leaves":87,"minecraft:cherry_log":52,"minecraft:dark_oak_log":50,"minecraft:jungle_leaves":18,"minecraft:cave_vines_plant":1,"minecraft:jungle_planks":1,"minecraft:acacia_log":5,"minecraft:grass_block":102,"minecraft:infested_cobblestone":3,"minecraft:jungle_log":460,"minecraft:spruce_leaves":4,"minecraft:moss_block":3,"minecraft:sandstone":1,"minecraft:rooted_dirt":7,"minecraft:gilded_blackstone":1,"minecraft:hay_block":15,"minecraft:furnace":1,"minecraft:carrots":89,"minecraft:iron_ore":33,"minecraft:fire":1,"minecraft:andesite":3,"minecraft:moss_carpet":1,"minecraft:fletching_table":1,"minecraft:potatoes":7,"minecraft:flowering_azalea_leaves":2,"minecraft:vine":39,"minecraft:azalea_leaves":7,"minecraft:stone":521,"minecraft:orange_bed":1,"minecraft:podzol":2,"minecraft:scaffolding":2,"minecraft:blackstone":4,"minecraft:clay":7,"minecraft:crafting_table":4,"minecraft:torch":6,"minecraft:dark_oak_wood":7,"minecraft:melon":21,"minecraft:chest":1,"minecraft:cobblestone":50,"minecraft:oak_planks":1,"minecraft:lapis_ore":1,"minecraft:cyan_bed":2,"minecraft:blue_bed":2,"minecraft:wall_torch":5,"minecraft:purple_bed":1,"minecraft:cactus":4,"minecraft:mud":1,"minecraft:spruce_log":260,"minecraft:black_bed":28,"minecraft:grass":146,"minecraft:coal_ore":40,"minecraft:cherry_leaves":8,"minecraft:gravel":110,"minecraft:sand":99,"minecraft:dirt":3,"minecraft:sandstone_wall":2,"minecraft:cobweb":3,"minecraft:smooth_basalt":5,"minecraft:acacia_planks":4,"minecraft:deepslate_emerald_ore":1,"minecraft:oak_leaves":14,"minecraft:fern":27},"minecraft:killed_by":{"minecraft:husk":2,"minecraft:stray":1,"minecraft:iron_golem":13,"minecraft:vindicator":1,"minecraft:witch":4,"minecraft:zombie":2},"minecraft:dropped":{"minecraft:iron_ingot":4,"minecraft:bread":77,"minecraft:iron_sword":3,"minecraft:wheat_seeds":7,"minecraft:lapis_lazuli":8,"minecraft:glow_ink_sac":9,"minecraft:spore_blossom":5,"minecraft:cobblestone":706,"minecraft:leather":3,"minecraft:rooted_dirt":2,"minecraft:apple":1,"minecraft:coal":3,"minecraft:flint":13,"minecraft:stick":5,"minecraft:dirt":5,"minecraft:dispenser":1,"minecraft:torch":66,"minecraft:rabbit":1,"minecraft:jungle_sapling":6,"minecraft:sand":55,"minecraft:iron_axe":1,"minecraft:mud":1,"minecraft:cactus":5,"minecraft:orange_bed":1,"minecraft:iron_shovel":3,"minecraft:string":3,"minecraft:tripwire_hook":2,"minecraft:acacia_planks":15,"minecraft:dandelion":1,"minecraft:bone":4,"minecraft:stone_axe":1,"minecraft:moss_carpet":3,"minecraft:player_head":1,"minecraft:stone_sword":2,"minecraft:cocoa_beans":9,"minecraft:experience_bottle":1,"minecraft:rotten_flesh":14,"minecraft:clay_ball":34,"minecraft:iron_boots":1,"minecraft:mossy_stone_brick_slab":1,"minecraft:carrot":7,"minecraft:sandstone_wall":2,"minecraft:big_dripleaf":13,"minecraft:poppy":1,"minecraft:shield":2,"minecraft:gunpowder":1,"minecraft:light_gray_bed":2,"minecraft:jungle_log":2,"minecraft:purple_bed":2,"minecraft:azalea":2,"minecraft:stone_pressure_plate":1,"minecraft:sandstone":2,"minecraft:arrow":7,"minecraft:stone_pickaxe":2,"minecraft:scaffolding":3,"minecraft:stone_brick_stairs":1,"minecraft:cyan_bed":2},"minecraft:picked_up":{"minecraft:mud":1,"minecraft:cocoa_beans":9,"minecraft:crafting_table":14,"minecraft:wheat":128,"minecraft:creeper_head":1,"minecraft:clay_ball":40,"minecraft:potion":1,"minecraft:gilded_blackstone":1,"minecraft:stone_brick_stairs":1,"minecraft:shield":11,"minecraft:string":13,"minecraft:moss_carpet":3,"minecraft:iron_axe":10,"minecraft:armor_stand":1,"minecraft:iron_shovel":13,"minecraft:birch_fence":2,"minecraft:blackstone":4,"minecraft:oak_sign":2,"minecraft:diamond_leggings":3,"minecraft:eye_armor_trim_smithing_template":8,"minecraft:beef":16,"minecraft:player_head":9,"minecraft:jungle_sapling":6,"minecraft:azalea":2,"minecraft:poppy":1,"minecraft:iron_pickaxe":4,"minecraft:melon_slice":544,"minecraft:chest":1,"minecraft:iron_boots":5,"minecraft:furnace":1,"minecraft:dark_oak_sapling":5,"minecraft:raw_iron":34,"minecraft:stick":152,"minecraft:sandstone":3,"minecraft:big_dripleaf":13,"minecraft:torch":98,"minecraft:acacia_log":5,"minecraft:sandstone_wall":2,"minecraft:cherry_log":52,"minecraft:carrot":717,"minecraft:redstone":2,"minecraft:goat_horn":4,"minecraft:stone_pressure_plate":1,"minecraft:orange_bed":2,"minecraft:stone_sword":1,"minecraft:cactus":11,"minecraft:arrow":48,"minecraft:light_gray_bed":2,"minecraft:rotten_flesh":46,"minecraft:diamond_chestplate":2,"minecraft:diamond_boots":3,"minecraft:hay_block":14,"minecraft:mangrove_roots":1,"minecraft:glow_berries":1,"minecraft:cobblestone":1128,"minecraft:jungle_boat":5,"minecraft:repeater":1,"minecraft:glow_ink_sac":9,"minecraft:tripwire_hook":2,"minecraft:jungle_log":413,"minecraft:andesite":3,"minecraft:black_bed":31,"minecraft:leather":5,"minecraft:potato":45,"minecraft:flint":13,"minecraft:lily_pad":5,"minecraft:gunpowder":7,"minecraft:lapis_lazuli":8,"minecraft:blue_bed":1,"minecraft:dirt":77,"minecraft:white_banner":1,"minecraft:podzol":1,"minecraft:red_carpet":1,"minecraft:bone":29,"minecraft:acacia_planks":3,"minecraft:apple":3,"minecraft:wheat_seeds":27,"minecraft:spore_blossom":5,"minecraft:iron_ingot":82,"minecraft:stone_pickaxe":1,"minecraft:fletching_table":2,"minecraft:rabbit":1,"minecraft:diamond_helmet":2,"minecraft:glass_bottle":2,"minecraft:moss_block":2,"minecraft:iron_sword":12,"minecraft:oak_planks":25,"minecraft:scaffolding":6,"minecraft:smooth_basalt":5,"minecraft:dandelion":1,"minecraft:gravel":103,"minecraft:sand":59,"minecraft:jungle_planks":53,"minecraft:spruce_sapling":29,"minecraft:spruce_log":333,"minecraft:cyan_bed":2,"minecraft:dark_oak_log":50,"minecraft:mossy_stone_brick_slab":1,"minecraft:spider_eye":2,"minecraft:dispenser":3,"minecraft:purple_bed":4,"minecraft:cherry_sapling":28,"minecraft:emerald":186,"minecraft:bread":173,"minecraft:rooted_dirt":6,"minecraft:dark_oak_wood":7,"minecraft:coal":54,"minecraft:ender_pearl":1},"minecraft:used":{"minecraft:moss_block":2,"minecraft:netherite_sword":21,"minecraft:stone_sword":29,"minecraft:iron_shovel":313,"minecraft:dispenser":2,"minecraft:chest":4,"minecraft:spruce_planks":1,"minecraft:shield":69,"minecraft:iron_sword":366,"minecraft:orange_bed":1,"minecraft:dirt":72,"minecraft:torch":36,"minecraft:jungle_planks":6,"minecraft:carrot":134,"minecraft:diamond_helmet":3,"minecraft:milk_bucket":2,"minecraft:rooted_dirt":4,"minecraft:iron_axe":863,"minecraft:jungle_log":5,"minecraft:iron_boots":1,"minecraft:smooth_basalt":3,"minecraft:diamond_chestplate":3,"minecraft:red_carpet":1,"minecraft:golden_carrot":22,"minecraft:mangrove_roots":1,"minecraft:goat_horn":2,"minecraft:furnace":2,"minecraft:potato":24,"minecraft:acacia_planks":6,"minecraft:diamond_boots":4,"minecraft:stone_pickaxe":153,"minecraft:cactus":6,"minecraft:sandstone":1,"minecraft:blue_bed":1,"minecraft:diamond_axe":65,"minecraft:fletching_table":2,"minecraft:jungle_boat":5,"minecraft:gilded_blackstone":1,"minecraft:glow_berries":1,"minecraft:sand":4,"minecraft:crafting_table":6,"minecraft:spruce_log":2,"minecraft:black_bed":29,"minecraft:melon_slice":3,"minecraft:bread":90,"minecraft:iron_pickaxe":528,"minecraft:gravel":71,"minecraft:spruce_sapling":13,"minecraft:stone_axe":14,"minecraft:diamond_sword":118,"minecraft:potion":1,"minecraft:cobblestone":71,"minecraft:purple_bed":2,"minecraft:andesite":3,"minecraft:diamond_leggings":4,"minecraft:bone_meal":12}},"DataVersion":3465}