{"stats":{"minecraft:dropped":{"minecraft:stone_sword":1,"minecraft:cobblestone":170,"minecraft:rotten_flesh":5,"minecraft:stone_pickaxe":2},"minecraft:killed_by":{"minecraft:husk":1},"minecraft:used":{"minecraft:moss_block":2,"minecraft:stone_sword":29,"minecraft:bread":3,"minecraft:melon_slice":3,"minecraft:stone_pickaxe":153,"minecraft:iron_pickaxe":7,"minecraft:glow_berries":1,"minecraft:stone_axe":13,"minecraft:torch":8,"minecraft:gilded_blackstone":1,"minecraft:cobblestone":11},"minecraft:crafted":{"minecraft:stick":48,"minecraft:iron_ingot":6,"minecraft:iron_sword":1,"minecraft:iron_pickaxe":1,"minecraft:stone_pickaxe":2,"minecraft:stone_sword":2,"minecraft:torch":24,"minecraft:stone_axe":1,"minecraft:air":0},"minecraft:mined":{"minecraft:iron_ore":14,"minecraft:cave_vines_plant":1,"minecraft:acacia_log":5,"minecraft:grass":6,"minecraft:coal_ore":21,"minecraft:melon":3,"minecraft:jungle_log":5,"minecraft:azalea_leaves":1,"minecraft:stone":121,"minecraft:moss_block":3,"minecraft:wall_torch":2,"minecraft:gilded_blackstone":1},"minecraft:killed":{"minecraft:skeleton":2,"minecraft:husk":3,"minecraft:zombie":2},"minecraft:custom":{"minecraft:time_since_rest":26854,"minecraft:interact_with_furnace":4,"minecraft:sprint_one_cm":53080,"minecraft:damage_taken":690,"minecraft:walk_one_cm":197545,"minecraft:mob_kills":7,"minecraft:drop":8,"minecraft:damage_dealt":1802,"minecraft:open_chest":9,"minecraft:interact_with_crafting_table":7,"minecraft:fly_one_cm":37088,"minecraft:crouch_one_cm":1164,"minecraft:play_time":68874,"minecraft:deaths":2,"minecraft:sneak_time":634,"minecraft:walk_under_water_one_cm":570,"minecraft:jump":500,"minecraft:interact_with_brewingstand":1,"minecraft:leave_game":14,"minecraft:walk_on_water_one_cm":1930,"minecraft:time_since_death":26824,"minecraft:climb_one_cm":664,"minecraft:total_world_time":68874,"minecraft:fall_one_cm":6761},"minecraft:picked_up":{"minecraft:raw_iron":15,"minecraft:stick":39,"minecraft:clay_ball":12,"minecraft:jungle_log":5,"minecraft:torch":24,"minecraft:acacia_log":5,"minecraft:gilded_blackstone":1,"minecraft:arrow":4,"minecraft:bone":4,"minecraft:stone_sword":1,"minecraft:rotten_flesh":7,"minecraft:stone_pickaxe":1,"minecraft:moss_block":2,"minecraft:melon_slice":12,"minecraft:glow_berries":1,"minecraft:coal":20,"minecraft:oak_planks":24,"minecraft:cobblestone":365}},"DataVersion":3465}