{"stats":{"minecraft:used":{"minecraft:moss_block":2,"minecraft:stone_sword":29,"minecraft:iron_shovel":313,"minecraft:dispenser":2,"minecraft:chest":4,"minecraft:spruce_planks":1,"minecraft:shield":24,"minecraft:iron_sword":227,"minecraft:orange_bed":1,"minecraft:torch":35,"minecraft:dirt":61,"minecraft:jungle_planks":6,"minecraft:carrot":80,"minecraft:iron_axe":793,"minecraft:jungle_log":5,"minecraft:iron_boots":1,"minecraft:goat_horn":2,"minecraft:furnace":2,"minecraft:potato":24,"minecraft:acacia_planks":6,"minecraft:stone_pickaxe":153,"minecraft:cactus":6,"minecraft:sandstone":1,"minecraft:blue_bed":1,"minecraft:fletching_table":2,"minecraft:gilded_blackstone":1,"minecraft:glow_berries":1,"minecraft:sand":3,"minecraft:crafting_table":5,"minecraft:spruce_log":2,"minecraft:black_bed":9,"minecraft:bread":68,"minecraft:melon_slice":3,"minecraft:iron_pickaxe":510,"minecraft:spruce_sapling":13,"minecraft:gravel":71,"minecraft:stone_axe":14,"minecraft:cobblestone":71,"minecraft:purple_bed":2,"minecraft:bone_meal":12},"minecraft:mined":{"minecraft:jungle_leaves":18,"minecraft:cave_vines_plant":1,"minecraft:acacia_log":5,"minecraft:grass_block":102,"minecraft:infested_cobblestone":3,"minecraft:jungle_planks":1,"minecraft:jungle_log":460,"minecraft:spruce_leaves":3,"minecraft:moss_block":3,"minecraft:sandstone":1,"minecraft:rooted_dirt":7,"minecraft:gilded_blackstone":1,"minecraft:hay_block":15,"minecraft:furnace":1,"minecraft:carrots":41,"minecraft:iron_ore":33,"minecraft:moss_carpet":1,"minecraft:fletching_table":1,"minecraft:potatoes":7,"minecraft:flowering_azalea_leaves":2,"minecraft:vine":39,"minecraft:azalea_leaves":7,"minecraft:stone":521,"minecraft:orange_bed":1,"minecraft:podzol":1,"minecraft:scaffolding":2,"minecraft:clay":7,"minecraft:crafting_table":4,"minecraft:torch":6,"minecraft:melon":15,"minecraft:cobblestone":50,"minecraft:lapis_ore":1,"minecraft:cyan_bed":2,"minecraft:blue_bed":2,"minecraft:wall_torch":5,"minecraft:purple_bed":1,"minecraft:cactus":4,"minecraft:mud":1,"minecraft:spruce_log":259,"minecraft:black_bed":8,"minecraft:grass":120,"minecraft:coal_ore":40,"minecraft:gravel":110,"minecraft:sand":98,"minecraft:dirt":3,"minecraft:sandstone_wall":2,"minecraft:cobweb":3,"minecraft:acacia_planks":4,"minecraft:oak_leaves":14,"minecraft:fern":26},"minecraft:killed_by":{"minecraft:husk":1,"minecraft:iron_golem":4},"minecraft:dropped":{"minecraft:iron_ingot":4,"minecraft:bread":77,"minecraft:iron_sword":3,"minecraft:wheat_seeds":7,"minecraft:lapis_lazuli":8,"minecraft:glow_ink_sac":9,"minecraft:spore_blossom":5,"minecraft:cobblestone":706,"minecraft:rooted_dirt":2,"minecraft:leather":3,"minecraft:apple":1,"minecraft:coal":3,"minecraft:flint":13,"minecraft:stick":5,"minecraft:dirt":5,"minecraft:dispenser":1,"minecraft:torch":3,"minecraft:rabbit":1,"minecraft:jungle_sapling":6,"minecraft:iron_axe":1,"minecraft:sand":55,"minecraft:mud":1,"minecraft:cactus":3,"minecraft:orange_bed":1,"minecraft:iron_shovel":3,"minecraft:string":3,"minecraft:tripwire_hook":2,"minecraft:acacia_planks":15,"minecraft:dandelion":1,"minecraft:bone":4,"minecraft:stone_axe":1,"minecraft:moss_carpet":3,"minecraft:player_head":1,"minecraft:stone_sword":2,"minecraft:cocoa_beans":9,"minecraft:experience_bottle":1,"minecraft:rotten_flesh":14,"minecraft:clay_ball":34,"minecraft:iron_boots":1,"minecraft:mossy_stone_brick_slab":1,"minecraft:carrot":7,"minecraft:sandstone_wall":2,"minecraft:big_dripleaf":13,"minecraft:poppy":1,"minecraft:shield":2,"minecraft:gunpowder":1,"minecraft:light_gray_bed":2,"minecraft:jungle_log":2,"minecraft:purple_bed":2,"minecraft:azalea":2,"minecraft:stone_pressure_plate":1,"minecraft:sandstone":2,"minecraft:arrow":7,"minecraft:stone_pickaxe":2,"minecraft:scaffolding":3,"minecraft:stone_brick_stairs":1,"minecraft:cyan_bed":2},"minecraft:custom":{"minecraft:inspect_dropper":1,"minecraft:mob_kills":79,"minecraft:animals_bred":2,"minecraft:interact_with_crafting_table":34,"minecraft:leave_game":25,"minecraft:time_since_death":6764,"minecraft:climb_one_cm":9892,"minecraft:sprint_one_cm":491720,"minecraft:walk_one_cm":1320335,"minecraft:damage_blocked_by_shield":1130,"minecraft:drop":203,"minecraft:talked_to_villager":8,"minecraft:play_time":434951,"minecraft:sneak_time":3351,"minecraft:deaths":6,"minecraft:walk_under_water_one_cm":968,"minecraft:interact_with_brewingstand":2,"minecraft:jump":3366,"minecraft:walk_on_water_one_cm":4589,"minecraft:total_world_time":434951,"minecraft:interact_with_furnace":12,"minecraft:sleep_in_bed":11,"minecraft:time_since_rest":6801,"minecraft:damage_taken":4151,"minecraft:damage_dealt":12069,"minecraft:swim_one_cm":1266,"minecraft:fly_one_cm":278688,"minecraft:open_chest":107,"minecraft:crouch_one_cm":6181,"minecraft:fall_one_cm":68735,"minecraft:inspect_dispenser":2,"minecraft:horse_one_cm":1205},"minecraft:killed":{"minecraft:spider":6,"minecraft:skeleton":8,"minecraft:silverfish":32,"minecraft:husk":16,"minecraft:creeper":6,"minecraft:zombie":7,"minecraft:stray":2},"minecraft:broken":{"minecraft:iron_axe":2,"minecraft:iron_pickaxe":2},"minecraft:crafted":{"minecraft:furnace":1,"minecraft:bone_meal":15,"minecraft:iron_axe":4,"minecraft:stone_pickaxe":2,"minecraft:chest":4,"minecraft:wheat":126,"minecraft:crafting_table":2,"minecraft:spruce_planks":728,"minecraft:iron_sword":1,"minecraft:stone_axe":1,"minecraft:jungle_slab":6,"minecraft:bread":90,"minecraft:air":0,"minecraft:jungle_planks":1624,"minecraft:shield":2,"minecraft:stick":4368,"minecraft:iron_ingot":25,"minecraft:iron_pickaxe":2,"minecraft:stone_sword":2,"minecraft:iron_shovel":2,"minecraft:acacia_planks":20,"minecraft:torch":24},"minecraft:picked_up":{"minecraft:mud":1,"minecraft:cocoa_beans":9,"minecraft:crafting_table":7,"minecraft:wheat":44,"minecraft:creeper_head":1,"minecraft:clay_ball":40,"minecraft:gilded_blackstone":1,"minecraft:stone_brick_stairs":1,"minecraft:shield":4,"minecraft:string":10,"minecraft:moss_carpet":3,"minecraft:iron_axe":5,"minecraft:iron_shovel":7,"minecraft:diamond_leggings":2,"minecraft:eye_armor_trim_smithing_template":5,"minecraft:beef":8,"minecraft:player_head":5,"minecraft:jungle_sapling":6,"minecraft:azalea":2,"minecraft:poppy":1,"minecraft:iron_pickaxe":2,"minecraft:melon_slice":209,"minecraft:iron_boots":3,"minecraft:furnace":1,"minecraft:stick":66,"minecraft:raw_iron":34,"minecraft:sandstone":3,"minecraft:big_dripleaf":13,"minecraft:torch":35,"minecraft:acacia_log":5,"minecraft:sandstone_wall":2,"minecraft:carrot":220,"minecraft:redstone":2,"minecraft:goat_horn":2,"minecraft:stone_pressure_plate":1,"minecraft:orange_bed":2,"minecraft:stone_sword":1,"minecraft:arrow":11,"minecraft:cactus":9,"minecraft:rotten_flesh":19,"minecraft:light_gray_bed":2,"minecraft:diamond_chestplate":1,"minecraft:diamond_boots":2,"minecraft:hay_block":14,"minecraft:glow_berries":1,"minecraft:cobblestone":1128,"minecraft:repeater":1,"minecraft:glow_ink_sac":9,"minecraft:tripwire_hook":2,"minecraft:jungle_log":413,"minecraft:black_bed":10,"minecraft:leather":5,"minecraft:potato":45,"minecraft:flint":13,"minecraft:gunpowder":3,"minecraft:lapis_lazuli":8,"minecraft:dirt":66,"minecraft:blue_bed":1,"minecraft:bone":15,"minecraft:acacia_planks":3,"minecraft:apple":3,"minecraft:wheat_seeds":19,"minecraft:spore_blossom":5,"minecraft:iron_ingot":28,"minecraft:stone_pickaxe":1,"minecraft:fletching_table":2,"minecraft:diamond_helmet":1,"minecraft:rabbit":1,"minecraft:moss_block":2,"minecraft:iron_sword":6,"minecraft:oak_planks":24,"minecraft:scaffolding":6,"minecraft:dandelion":1,"minecraft:gravel":103,"minecraft:sand":58,"minecraft:jungle_planks":53,"minecraft:spruce_sapling":28,"minecraft:spruce_log":332,"minecraft:cyan_bed":2,"minecraft:mossy_stone_brick_slab":1,"minecraft:spider_eye":2,"minecraft:dispenser":3,"minecraft:purple_bed":4,"minecraft:bread":93,"minecraft:emerald":173,"minecraft:rooted_dirt":2,"minecraft:coal":54,"minecraft:ender_pearl":1}},"DataVersion":3465}