{"stats":{"minecraft:mined":{"minecraft:iron_ore":8,"minecraft:grass":5,"minecraft:melon":3,"minecraft:coal_ore":6,"minecraft:stone":110,"minecraft:moss_block":3,"minecraft:wall_torch":1,"minecraft:gilded_blackstone":1},"minecraft:custom":{"minecraft:time_since_rest":2481,"minecraft:interact_with_furnace":1,"minecraft:sprint_one_cm":27792,"minecraft:damage_taken":560,"minecraft:walk_one_cm":112048,"minecraft:mob_kills":5,"minecraft:damage_dealt":1495,"minecraft:interact_with_crafting_table":2,"minecraft:fly_one_cm":25510,"minecraft:crouch_one_cm":975,"minecraft:play_time":44501,"minecraft:deaths":2,"minecraft:sneak_time":504,"minecraft:walk_under_water_one_cm":570,"minecraft:jump":305,"minecraft:leave_game":12,"minecraft:walk_on_water_one_cm":1930,"minecraft:time_since_death":2451,"minecraft:climb_one_cm":16,"minecraft:total_world_time":44501,"minecraft:fall_one_cm":5556},"minecraft:killed_by":{"minecraft:husk":1},"minecraft:crafted":{"minecraft:stick":48,"minecraft:stone_pickaxe":1,"minecraft:stone_sword":1,"minecraft:torch":24},"minecraft:used":{"minecraft:moss_block":2,"minecraft:stone_sword":23,"minecraft:melon_slice":3,"minecraft:stone_pickaxe":127,"minecraft:gilded_blackstone":1,"minecraft:torch":5,"minecraft:cobblestone":10},"minecraft:picked_up":{"minecraft:stick":39,"minecraft:raw_iron":9,"minecraft:clay_ball":12,"minecraft:torch":23,"minecraft:gilded_blackstone":1,"minecraft:stone_sword":1,"minecraft:bone":4,"minecraft:arrow":4,"minecraft:rotten_flesh":4,"minecraft:stone_pickaxe":1,"minecraft:moss_block":2,"minecraft:melon_slice":12,"minecraft:coal":6,"minecraft:oak_planks":24,"minecraft:cobblestone":357},"minecraft:killed":{"minecraft:skeleton":2,"minecraft:husk":3}},"DataVersion":3465}